{
  "horizon_blend_stops": {
    "min": {
      "0.0": 0.0,
      "0.1962499916553497": 0.008,
      "0.25": 0.0,
      "0.34": 0.11,
      "0.6": 0.027,
      "0.6750000119209290": 0.01,
      "0.7487499713897705": 0.0,
      "0.8174999952316284": 0.0
    },
    "start": {
      "0.0": 0.25,
      "0.1962499916553497": 0.4179066121578217,
      "0.25": 0.213,
      "0.34": 0.401,
      "0.6": 0.23,
      "0.6750000119209290": 0.2143078744411469,
      "0.7487499713897705": 0.1990064233541489,
      "0.8174999952316284": 0.6179999709129333
    },
    "mie_start": {
      "0.2": 1.25,
      "0.25": 0.5,
      "0.34": 0.5,
      "0.6": 0.167,
      "0.7": 0.15,
      "0.75": 0.55,
      "0.8": 0.79
    },
    "max": {
      "0.2": 0.15,
      "0.25": 0.0,
      "0.34": 0.45,
      "0.6": 0.2,
      "0.7": 0.2,
      "0.75": 0.214,
      "0.8": 0.0
    }
  },
  "rayleigh_strength": {
    "0.0": 0.1,
    "0.2": 15.0,
    "0.25": 7.5,
    "0.3": 0.1,
    "0.75": 7.5,
    "0.8": 15.0
  },
  "sun_mie_strength": {
    "0.0": 0.1,
    "0.2": 0.5,
    "0.25": 0.8,
    "0.75": 0.2,
    "0.8": 0.5
  },
  "moon_mie_strength": {
    "0.2": 0.25,
    "0.25": 0.25,
    "0.5": 15.0,
    "0.7": 0.25,
    "0.75": 0.25,
    "0.8": 0.25
  },
  "sun_glare_shape": {
    "0.0": 10.0,
    "0.2": 1.0,
    "0.25": 1.0,
    "0.34": 5.0,
    "0.6": 5.0,
    "0.75": 1.0,
    "0.85": 1.0
  },
  "sky_zenith_color": {
    "0.0": "#3D9EFF",
    "0.3": "#7DA6F2",
    "0.29": "#958CBA",
    "0.28": "#585690",
    "0.27": "#374A8C",
    "0.26": "#343C7C",
    "0.25": "#33336B",
    "0.24": "#194366",
    "0.2": "#260099",
    "0.5": "#0E0E26",
    "0.7": "#260099",
    "0.75": "#FF6D66",
    "0.8": "#22BBFF"
  },
  "sky_horizon_color": {
    "0.0": "#56C2CE",
    "0.3": "#FFA645",
    "0.29": "#FE834D",
    "0.28": "#D85F46",
    "0.27": "#953430",
    "0.26": "#602331",
    "0.25": "#3A1F2F",
    "0.5": "#009988",
    "0.75": "#E26443",
    "0.77": "#FFA242",
    "0.79": "#FFCDB5",
    "0.8": "#91FFFF"
  }
}
