{
  "format_version": [
    1,
    0,
    0
  ],
  "directional_lights": {
    "illuminance": {
      "0.0": 0.0,
      "0.167": 0.0,
      "0.2": 0.0,
      "0.21041673": 0.0,
      "0.25": 0.0,
      "0.257083322": 0.0,
      "0.5": 0.0,
      "0.742916678": 0.0,
      "0.75": 0.0,
      "0.78958327": 0.0,
      "0.8": 0.0,
      "0.833": 0.0,
      "1.0": 0.0
    },
    "color": {
      "0.0": "#040609",
      "0.1": "#b55d6a",
      "0.2": "#fdd82d",
      "0.4": "#ffd88c",
      "0.6": "#ffd88c",
      "0.7": "#FFD38F",
      "0.8": "#F0B982",
      "0.9": "#B5736A",
      "1.0": "#040609"
    },
    "moon": {
      "illuminance": {
        "0.0": 2.5,
        "0.167": 2.25,
        "0.2": 2.0,
        "0.21041673": 1.75,
        "0.25": 1.5,
        "0.257083322": 1.25,
        "0.5": 0.75,
        "0.742916678": 1.25,
        "0.75": 1.5,
        "0.78958327": 1.17,
        "0.8": 2.0,
        "0.833": 2.25,
        "1.0": 2.5
      },
      "color": {
        "0.0": [
          199,
          199,
          199,
          255
        ],
        "0.1": [
          199,
          199,
          199,
          200
        ],
        "0.2": [
          199,
          199,
          199,
          175
        ],
        "0.3": [
          199,
          199,
          199,
          125
        ],
        "0.4": [
          199,
          199,
          199,
          95
        ],
        "0.5": [
          199,
          199,
          199,
          75
        ],
        "0.6": [
          199,
          199,
          199,
          95
        ],
        "0.7": [
          199,
          199,
          199,
          125
        ],
        "0.8": [
          199,
          199,
          199,
          175
        ],
        "0.9": [
          199,
          199,
          199,
          200
        ],
        "1.0": [
          199,
          199,
          199,
          255
        ]
      }
    },
    "orbital_offset_degrees": 35.0
  },
  "point_lights": {
    "colors": {
      "minecraft:torch": "#ffff97",
      "minecraft:lantern": "#f6c562"
    }
  },
  "pbr": {
    "blocks": {
      "global_metalness_emissive_roughness": [
        0.0,
        0.0,
        255.0
      ]
    },
    "actors": {
      "global_metalness_emissive_roughness": [
        0.0,
        0.0,
        255.0
      ]
    },
    "particles": {
      "global_metalness_emissive_roughness": [
        0.0,
        1.0,
        255.0
      ]
    },
    "items": {
      "global_metalness_emissive_roughness": [
        255.0,
        0.0,
        255.0
      ]
    }
  }
}